"date","geography","geography code","Rural Urban","Dwelling Type: All categories: Accommodation type; measures: Value","Dwelling Type: Unshared dwelling: Total; measures: Value","Dwelling Type: Unshared dwelling: Whole house or bungalow: Total; measures: Value","Dwelling Type: Unshared dwelling: Whole house or bungalow: Detached; measures: Value","Dwelling Type: Unshared dwelling: Whole house or bungalow: Semi-detached; measures: Value","Dwelling Type: Unshared dwelling: Whole house or bungalow: Terraced (including end-terrace); measures: Value","Dwelling Type: Unshared dwelling: Flat, maisonette or apartment: Total; measures: Value","Dwelling Type: Unshared dwelling: Flat, maisonette or apartment: Purpose-built block of flats or tenement; measures: Value","Dwelling Type: Unshared dwelling: Flat, maisonette or apartment: Part of a converted or shared house (including bed-sits); measures: Value","Dwelling Type: Unshared dwelling: Flat, maisonette or apartment: In commercial building; measures: Value","Dwelling Type: Unshared dwelling: Caravan or other mobile or temporary structure; measures: Value","Dwelling Type: Shared dwelling; measures: Value"
"2011","Darlington","E06000005","Total",46670,46552,40423,8209,17835,14379,6099,5053,778,268,30,118
"2011","County Durham","E06000047","Total",223803,223755,211091,43114,83225,84752,12436,9941,1306,1189,228,48
"2011","Hartlepool","E06000001","Total",40434,40412,35203,6822,13448,14933,5121,4489,330,302,88,22
"2011","Middlesbrough","E06000002","Total",57203,57070,49724,8001,23394,18329,7325,6389,589,347,21,133
"2011","Northumberland","E06000057","Total",138534,138500,123592,35120,50127,38345,14676,11602,2142,932,232,34
"2011","Redcar and Cleveland","E06000003","Total",59605,59534,54037,10853,26602,16582,5472,4107,911,454,25,71
"2011","Stockton-on-Tees","E06000004","Total",79159,79091,70800,19489,32983,18328,8228,7080,716,432,63,68
"2011","Gateshead","E08000037","Total",89154,89137,71280,9589,37886,23805,17793,14911,2428,454,64,17
"2011","Newcastle upon Tyne","E08000021","Total",117153,116998,80408,9234,40204,30970,36569,29004,6802,763,21,155
"2011","North Tyneside","E08000022","Total",91295,91254,70930,9519,38701,22710,20286,16003,3615,668,38,41
"2011","South Tyneside","E08000023","Total",67167,67157,53557,5493,28094,19970,13575,10811,2308,456,25,10
"2011","Sunderland","E08000024","Total",119758,119572,103512,13749,52667,37096,15986,12868,2339,779,74,186
"2011","Blackburn with Darwen","E06000008","Total",57353,57253,50492,8069,16590,25833,6708,5657,651,400,53,100
"2011","Blackpool","E06000009","Total",64367,64016,49382,5676,24186,19520,14474,9369,4062,1043,160,351
"2011","Cheshire East","E06000049","Total",159441,159344,142477,56685,51914,33878,16202,13418,1706,1078,665,97
"2011","Cheshire West and Chester","E06000050","Total",141442,141276,124364,42436,51541,30387,16052,13558,1607,887,860,166
"2011","Halton","E06000006","Total",53312,53298,47630,10534,17712,19384,5558,4952,395,211,110,14
"2011","Warrington","E06000007","Total",85140,85119,75901,20419,35151,20331,9158,7956,850,352,60,21
"2011","Allerdale","E07000026","Total",42345,42339,38715,11456,14063,13196,3445,2507,512,426,179,6
"2011","Barrow-in-Furness","E07000027","Total",31224,31190,27739,3776,9272,14691,3176,2630,324,222,275,34
"2011","Carlisle","E07000028","Total",48342,48131,42331,11237,17313,13781,5707,4756,651,300,93,211
"2011","Copeland","E07000029","Total",30536,30514,28152,7143,11738,9271,2166,1633,328,205,196,22
"2011","Eden","E07000030","Total",23043,23037,20745,8869,7007,4869,2171,1543,412,216,121,6
"2011","South Lakeland","E07000031","Total",46552,46512,39952,14634,13998,11320,6441,4279,1480,682,119,40
"2011","Bolton","E08000001","Total",116371,116168,100114,19294,40787,40033,15977,14192,1066,719,77,203
"2011","Bury","E08000002","Total",78113,78090,67539,14394,30090,23055,10523,9256,814,453,28,23
"2011","Manchester","E08000003","Total",204969,203995,135683,10344,63377,61962,68227,57662,8733,1832,85,974
"2011","Oldham","E08000004","Total",89703,89669,78684,11259,30754,36671,10947,9877,533,537,38,34
"2011","Rochdale","E08000005","Total",87552,87497,74810,13510,29595,31705,12583,11298,749,536,104,55
"2011","Salford","E08000006","Total",103556,103072,74821,9062,36463,29296,28151,26146,1302,703,100,484
"2011","Stockport","E08000007","Total",121979,121790,103144,26194,50784,26166,18578,15859,1747,972,68,189
"2011","Tameside","E08000008","Total",94953,94849,80615,10877,36062,33676,14190,12638,888,664,44,104
"2011","Trafford","E08000009","Total",94484,94246,76626,14283,41951,20392,17598,15108,1769,721,22,238
"2011","Wigan","E08000010","Total",136386,136323,123572,24013,62373,37186,12684,11013,973,698,67,63
"2011","Burnley","E07000117","Total",37550,37532,34276,5112,10873,18291,3161,2624,282,255,95,18
"2011","Chorley","E07000118","Total",44919,44880,40566,13393,15144,12029,4108,3571,269,268,206,39
"2011","Fylde","E07000119","Total",34885,34811,27048,9445,11444,6159,7219,4971,1854,394,544,74
"2011","Hyndburn","E07000120","Total",34341,34328,31094,4145,9167,17782,3106,2602,279,225,128,13
"2011","Lancaster","E07000121","Total",57822,57620,47951,10658,21948,15345,9199,6593,2075,531,470,202
"2011","Pendle","E07000122","Total",37348,37344,34439,5046,8792,20601,2842,2228,312,302,63,4
"2011","Preston","E07000123","Total",57567,57371,46577,9590,18929,18058,10765,8989,1281,495,29,196
"2011","Ribble Valley","E07000124","Total",24045,24042,21888,7630,6897,7361,1866,1413,227,226,288,3
"2011","Rossendale","E07000125","Total",29058,29051,26051,6059,7560,12432,2920,2445,238,237,80,7
"2011","South Ribble","E07000126","Total",46102,46086,41922,12939,20993,7990,4002,3445,279,278,162,16
"2011","West Lancashire","E07000127","Total",45381,45361,40623,13449,16849,10325,4214,3704,315,195,524,20
"2011","Wyre","E07000128","Total",47281,47207,41619,13652,19513,8454,4821,3549,819,453,767,74
"2011","Knowsley","E08000011","Total",61323,61314,54928,7975,25375,21578,6206,5711,279,216,180,9
"2011","Liverpool","E08000012","Total",206515,204604,156862,14735,58297,83830,47703,36357,9058,2288,39,1911
"2011","Sefton","E08000014","Total",117930,117386,96235,18291,55240,22704,21118,15729,4339,1050,33,544
"2011","St. Helens","E08000013","Total",75736,75699,69340,11149,35668,22523,6339,5584,387,368,20,37
"2011","Wirral","E08000015","Total",140583,140287,117098,23818,58520,34760,23172,16066,5439,1667,17,296
"2011","East Riding of Yorkshire","E06000011","Total",143032,142917,129886,49480,52383,28023,12673,9351,2077,1245,358,115
"2011","Kingston upon Hull, City of","E06000010","Total",112596,112398,94208,8043,30853,55312,18114,13882,3073,1159,76,198
"2011","North East Lincolnshire","E06000012","Total",69707,69656,60663,14529,23234,22900,8917,6660,1600,657,76,51
"2011","North Lincolnshire","E06000013","Total",70684,70654,63703,24038,29545,10120,6423,5199,692,532,528,30
"2011","York","E06000014","Total",83552,83265,69134,18539,30170,20425,13975,11431,1866,678,156,287
"2011","Craven","E07000163","Total",24583,24573,22325,6232,7109,8984,2016,1282,432,302,232,10
"2011","Hambleton","E07000164","Total",38117,38091,35334,16024,11481,7829,2582,1928,371,283,175,26
"2011","Harrogate","E07000165","Total",67169,66922,55305,21374,20567,13364,11086,7081,3227,778,531,247
"2011","Richmondshire","E07000166","Total",20207,20200,18615,7159,7239,4217,1493,1048,296,149,92,7
"2011","Ryedale","E07000167","Total",22524,22524,20870,9330,7341,4199,1566,1089,245,232,88,0
"2011","Scarborough","E07000168","Total",49435,49181,38211,11300,16108,10803,10902,6908,3154,840,68,254
"2011","Selby","E07000169","Total",34559,34548,32077,13910,12267,5900,2390,1983,229,178,81,11
"2011","Barnsley","E08000016","Total",100734,100602,93150,22554,45973,24623,7407,6272,587,548,45,132
"2011","Doncaster","E08000017","Total",126487,126291,116034,29400,57178,29456,9505,7671,1037,797,752,196
"2011","Rotherham","E08000018","Total",108293,108241,97278,23100,53410,20768,10952,9687,635,630,11,52
"2011","Sheffield","E08000019","Total",229928,229273,180580,33219,84575,62786,48635,42647,4017,1971,58,655
"2011","Bradford","E08000032","Total",199296,198436,168499,28381,72169,67949,29465,24723,3215,1527,472,860
"2011","Calderdale","E08000033","Total",88621,88459,75176,12770,24720,37686,13160,11183,1325,652,123,162
"2011","Kirklees","E08000034","Total",173525,173050,151641,35906,57824,57911,21232,17844,2240,1148,177,475
"2011","Leeds","E08000035","Total",320596,319603,252391,47237,120091,85063,66873,56242,8337,2294,339,993
"2011","Wakefield","E08000036","Total",140414,140283,124397,29606,62543,32248,15640,13705,1197,738,246,131
"2011","Derby","E06000015","Total",102271,102082,87635,23969,40097,23569,14212,11984,1598,630,235,189
"2011","Leicester","E06000016","Total",123125,122339,95994,13055,43951,38988,26282,21205,3713,1364,63,786
"2011","Nottingham","E06000018","Total",126131,125655,94934,18954,39976,36004,30641,25240,4191,1210,80,476
"2011","Rutland","E06000017","Total",15002,14998,13834,7097,4109,2628,1066,807,143,116,98,4
"2011","Amber Valley","E07000032","Total",52596,52588,49270,19023,19424,10823,3247,2452,403,392,71,8
"2011","Bolsover","E07000033","Total",32801,32799,30940,9390,14487,7063,1831,1482,157,192,28,2
"2011","Chesterfield","E07000034","Total",46796,46758,40884,11320,21115,8449,5781,5027,473,281,93,38
"2011","Derbyshire Dales","E07000035","Total",30744,30734,27957,12678,9470,5809,2737,1958,407,372,40,10
"2011","Erewash","E07000036","Total",48692,48650,44879,13937,21790,9152,3719,2908,435,376,52,42
"2011","High Peak","E07000037","Total",38946,38892,34204,9290,11574,13340,4598,3172,1010,416,90,54
"2011","North East Derbyshire","E07000038","Total",43070,43068,40288,15702,18869,5717,2587,2143,188,256,193,2
"2011","South Derbyshire","E07000039","Total",38992,38990,36325,15654,13726,6945,2417,1948,268,201,248,2
"2011","Blaby","E07000129","Total",38686,38683,36270,14042,18289,3939,2298,1932,157,209,115,3
"2011","Charnwood","E07000130","Total",66516,66433,58756,20420,26007,12329,7386,6182,713,491,291,83
"2011","Harborough","E07000131","Total",34898,34887,32240,16881,10087,5272,2498,2008,276,214,149,11
"2011","Hinckley and Bosworth","E07000132","Total",45377,45358,41592,17025,17419,7148,3634,3032,289,313,132,19
"2011","Melton","E07000133","Total",21490,21468,19868,8784,7743,3341,1546,1145,264,137,54,22
"2011","North West Leicestershire","E07000134","Total",39128,39118,36253,15362,13891,7000,2532,1947,320,265,333,10
"2011","Oadby and Wigston","E07000135","Total",21339,21337,19791,6404,10225,3162,1544,1294,131,119,2,2
"2011","Boston","E07000136","Total",27291,27275,24194,11824,8425,3945,2954,2408,381,165,127,16
"2011","East Lindsey","E07000137","Total",60890,60768,54396,31089,16424,6883,5341,3501,1134,706,1031,122
"2011","Lincoln","E07000138","Total",39825,39764,32123,7836,11777,12510,7615,6560,800,255,26,61
"2011","North Kesteven","E07000139","Total",45972,45966,43658,25185,13797,4676,1873,1480,207,186,435,6
"2011","South Holland","E07000140","Total",37264,37226,35363,20674,11101,3588,1683,1182,302,199,180,38
"2011","South Kesteven","E07000141","Total",57344,57317,52303,24330,17729,10244,4674,3673,639,362,340,27
"2011","West Lindsey","E07000142","Total",38385,38383,36128,19566,10368,6194,1801,1394,198,209,454,2
"2011","Corby","E07000150","Total",25215,25215,22273,5373,9427,7473,2901,2624,183,94,41,0
"2011","Daventry","E07000151","Total",31647,31637,29440,13561,9954,5925,2151,1765,194,192,46,10
"2011","East Northamptonshire","E07000152","Total",35662,35648,32707,12951,11931,7825,2802,2308,269,225,139,14
"2011","Kettering","E07000153","Total",39701,39676,34890,11628,13598,9664,4742,4015,532,195,44,25
"2011","Northampton","E07000154","Total",88731,88465,72952,19293,25673,27986,15447,13444,1491,512,66,266
"2011","South Northamptonshire","E07000155","Total",34717,34712,32528,15184,12155,5189,2091,1679,232,180,93,5
"2011","Wellingborough","E07000156","Total",32057,32051,28225,8397,11069,8759,3639,3101,364,174,187,6
"2011","Ashfield","E07000170","Total",50931,50892,46829,14808,21753,10268,4017,3236,427,354,46,39
"2011","Bassetlaw","E07000171","Total",47667,47643,44242,16224,20192,7826,3218,2600,341,277,183,24
"2011","Broxtowe","E07000172","Total",46820,46808,41746,17155,16782,7809,4974,4286,338,350,88,12
"2011","Gedling","E07000173","Total",49349,49332,43788,18919,17156,7713,5307,4576,404,327,237,17
"2011","Mansfield","E07000174","Total",44928,44890,40783,13135,19468,8180,4016,3408,388,220,91,38
"2011","Newark and Sherwood","E07000175","Total",48773,48754,44717,18510,18313,7894,3777,3053,459,265,260,19
"2011","Rushcliffe","E07000176","Total",45835,45790,40863,21309,14372,5182,4601,3432,903,266,326,45
"2011","Herefordshire, County of","E06000019","Total",78319,78186,68598,33106,21789,13703,8888,6595,1548,745,700,133
"2011","Shropshire","E06000051","Total",129674,129585,117100,51489,43922,21689,11599,8347,2033,1219,886,89
"2011","Stoke-on-Trent","E06000021","Total",107575,107453,95154,15453,48779,30922,12244,10553,1065,626,55,122
"2011","Telford and Wrekin","E06000020","Total",66608,66591,59783,20509,24455,14819,6547,5706,500,341,261,17
"2011","Cannock Chase","E07000192","Total",40664,40650,36057,12012,19248,4797,4536,3947,297,292,57,14
"2011","East Staffordshire","E07000193","Total",47251,47217,41521,14853,15063,11605,5520,4657,520,343,176,34
"2011","Lichfield","E07000194","Total",41224,41204,36369,15901,14459,6009,4608,4042,346,220,227,20
"2011","Newcastle-under-Lyme","E07000195","Total",52574,52525,46693,12987,23192,10514,5785,5034,478,273,47,49
"2011","South Staffordshire","E07000196","Total",44458,44452,39708,17355,17600,4753,3962,3337,318,307,782,6
"2011","Stafford","E07000197","Total",55703,55548,48727,20819,18361,9547,6523,5347,815,361,298,155
"2011","Staffordshire Moorlands","E07000198","Total",41772,41768,39576,16928,15855,6793,2123,1379,383,361,69,4
"2011","Tamworth","E07000199","Total",31617,31610,27150,8008,12057,7085,4320,3779,387,154,140,7
"2011","North Warwickshire","E07000218","Total",25812,25809,23546,7299,10148,6099,2138,1701,221,216,125,3
"2011","Nuneaton and Bedworth","E07000219","Total",52711,52609,46101,12532,19848,13721,6296,5493,470,333,212,102
"2011","Rugby","E07000220","Total",41875,41815,36435,11886,14195,10354,5242,4407,539,296,138,60
"2011","Stratford-on-Avon","E07000221","Total",51928,51894,45389,19319,16028,10042,5814,4715,678,421,691,34
"2011","Warwick","E07000222","Total",58679,58447,45469,14453,18356,12660,12870,9829,2393,648,108,232
"2011","Birmingham","E08000025","Total",410736,408978,310543,45419,143938,121186,98309,82147,11953,4209,126,1758
"2011","Coventry","E08000026","Total",128592,127779,104555,13436,35732,55387,23015,20068,1890,1057,209,813
"2011","Dudley","E08000027","Total",129867,129725,112354,28217,63322,20815,17301,14990,1358,953,70,142
"2011","Sandwell","E08000028","Total",121498,121373,98732,13814,53218,31700,22582,20329,1330,923,59,125
"2011","Solihull","E08000029","Total",86056,86026,70691,24534,32498,13659,15216,14112,541,563,119,30
"2011","Walsall","E08000030","Total",107822,107701,89602,19781,45820,24001,17888,16045,914,929,211,121
"2011","Wolverhampton","E08000031","Total",102177,101868,80354,16244,46195,17915,21426,18714,1905,807,88,309
"2011","Bromsgrove","E07000234","Total",38290,38276,33911,14353,13972,5586,4002,3334,368,300,363,14
"2011","Malvern Hills","E07000235","Total",32212,32177,27836,14241,10039,3556,4012,2659,1017,336,329,35
"2011","Redditch","E07000236","Total",34722,34636,29255,9357,10440,9458,5365,4741,489,135,16,86
"2011","Worcester","E07000237","Total",42042,41880,33802,9332,14740,9730,8031,6474,1051,506,47,162
"2011","Wychavon","E07000238","Total",49466,49420,43813,20547,14898,8368,5054,4024,655,375,553,46
"2011","Wyre Forest","E07000239","Total",42985,42928,37035,12842,16134,8059,5170,4156,615,399,723,57
"2011","Bedford","E06000055","Total",63812,63521,52775,17736,20982,14057,10183,7724,1970,489,563,291
"2011","Central Bedfordshire","E06000056","Total",104399,104372,91958,29800,35944,26214,11483,9848,960,675,931,27
"2011","Luton","E06000032","Total",74293,73969,58219,9601,30029,18589,15633,13140,1895,598,117,324
"2011","Peterborough","E06000031","Total",74023,73958,62110,20443,23294,18373,11411,10005,1036,370,437,65
"2011","Southend-on-Sea","E06000033","Total",74678,74217,49808,12202,23812,13794,24376,13647,9451,1278,33,461
"2011","Thurrock","E06000034","Total",62353,62324,48405,7442,20687,20276,13751,12752,536,463,168,29
"2011","Cambridge","E07000008","Total",46714,46202,31612,4890,12681,14041,14510,12518,1562,430,80,512
"2011","East Cambridgeshire","E07000009","Total",34614,34602,31860,14696,11079,6085,2421,1914,325,182,321,12
"2011","Fenland","E07000010","Total",40620,40572,36838,18596,11872,6370,3415,2780,385,250,319,48
"2011","Huntingdonshire","E07000011","Total",69333,69313,62036,28013,20929,13094,6846,5763,706,377,431,20
"2011","South Cambridgeshire","E07000012","Total",59960,59937,55729,24932,20220,10577,3585,2901,430,254,623,23
"2011","Basildon","E07000066","Total",72746,72736,60360,15888,18797,25675,12065,11384,480,201,311,10
"2011","Braintree","E07000067","Total",61043,61000,53119,17467,20926,14726,7716,6706,662,348,165,43
"2011","Brentwood","E07000068","Total",30646,30620,24342,9562,9925,4855,6197,5292,636,269,81,26
"2011","Castle Point","E07000069","Total",36440,36427,32428,15406,14028,2994,2990,2438,290,262,1009,13
"2011","Chelmsford","E07000070","Total",69667,69638,57232,20907,22008,14317,11993,10929,681,383,413,29
"2011","Colchester","E07000071","Total",71634,71426,57433,22483,21697,13253,13894,12521,1018,355,99,208
"2011","Epping Forest","E07000072","Total",51991,51978,40661,11997,16758,11906,10616,9575,574,467,701,13
"2011","Harlow","E07000073","Total",34620,34603,26059,3276,5231,17552,8520,8149,249,122,24,17
"2011","Maldon","E07000074","Total",25817,25817,23390,11577,7754,4059,2184,1721,239,224,243,0
"2011","Rochford","E07000075","Total",33564,33545,29708,11155,15864,2689,3368,3020,159,189,469,19
"2011","Tendring","E07000076","Total",62105,61982,51820,24886,19660,7274,9602,7580,1363,659,560,123
"2011","Uttlesford","E07000077","Total",31316,31316,27969,13139,9622,5208,3169,2653,334,182,178,0
"2011","Broxbourne","E07000095","Total",37658,37636,28410,5725,10857,11828,9109,8295,429,385,117,22
"2011","Dacorum","E07000096","Total",59938,59908,46793,12934,14720,19139,12844,11482,857,505,271,30
"2011","East Hertfordshire","E07000242","Total",56577,56564,46148,15890,17203,13055,10309,9031,811,467,107,13
"2011","Hertsmere","E07000098","Total",39778,39731,29813,7727,13177,8909,9712,8732,519,461,206,47
"2011","North Hertfordshire","E07000099","Total",53426,53396,43406,13158,16269,13979,9655,8466,736,453,335,30
"2011","St Albans","E07000240","Total",56140,56025,44034,15054,17087,11893,11745,9873,1309,563,246,115
"2011","Stevenage","E07000243","Total",34898,34879,27987,4059,6397,17531,6873,6311,320,242,19,19
"2011","Three Rivers","E07000102","Total",35108,35100,28327,9134,12467,6726,6486,5819,356,311,287,8
"2011","Watford","E07000103","Total",36681,36474,24384,3869,10402,10113,12074,9751,1813,510,16,207
"2011","Welwyn Hatfield","E07000241","Total",43613,43594,34049,8732,10238,15079,9450,8790,349,311,95,19
"2011","Breckland","E07000143","Total",54519,54502,50810,25556,15821,9433,3480,2790,420,270,212,17
"2011","Broadland","E07000144","Total",53336,53317,50777,25042,20321,5414,2242,1774,268,200,298,19
"2011","Great Yarmouth","E07000145","Total",42079,41982,35482,12393,10152,12937,6033,4634,969,430,467,97
"2011","King's Lynn and West Norfolk","E07000146","Total",62977,62926,57129,28085,19652,9392,5349,4314,684,351,448,51
"2011","North Norfolk","E07000147","Total",46046,46024,41484,20937,13843,6704,4272,2827,983,462,268,22
"2011","Norwich","E07000148","Total",60319,60092,40260,6358,13381,20521,19779,17442,1759,578,53,227
"2011","South Norfolk","E07000149","Total",52809,52807,49484,26928,16218,6338,3129,2491,409,229,194,2
"2011","Babergh","E07000200","Total",37522,37514,34877,15624,11125,8128,2552,2047,267,238,85,8
"2011","Forest Heath","E07000201","Total",25376,25354,22094,9084,7507,5503,3071,2520,367,184,189,22
"2011","Ipswich","E07000202","Total",57298,57143,43707,7795,22022,13890,13382,11289,1548,545,54,155
"2011","Mid Suffolk","E07000203","Total",40306,40293,37915,19136,13250,5529,2129,1676,267,186,249,13
"2011","St Edmundsbury","E07000204","Total",45802,45747,40537,15937,12344,12256,4979,4175,473,331,231,55
"2011","Suffolk Coastal","E07000205","Total",53558,53487,48220,23697,15800,8723,4845,3648,795,402,422,71
"2011","Waveney","E07000206","Total",50883,50807,45704,17567,14190,13947,4821,3303,1065,453,282,76
"2011","Camden","E09000007","Total",97534,94208,14433,1804,3984,8645,79729,50453,26550,2726,46,3326
"2011","City of London","E09000001","Total",4385,4368,98,15,12,71,4270,3833,145,292,0,17
"2011","Hackney","E09000012","Total",101690,99219,21720,1856,4335,15529,77421,58393,16637,2391,78,2471
"2011","Hammersmith and Fulham","E09000013","Total",80590,78455,21768,1133,3990,16645,56653,34072,20874,1707,34,2135
"2011","Haringey","E09000014","Total",101955,99588,42047,4332,9793,27922,57479,32067,23152,2260,62,2367
"2011","Islington","E09000019","Total",93556,91932,16700,1044,2723,12933,75174,50913,22000,2261,58,1624
"2011","Kensington and Chelsea","E09000020","Total",78536,75328,13215,1007,2528,9680,62025,40287,20195,1543,88,3208
"2011","Lambeth","E09000022","Total",130017,127461,35129,3160,10699,21270,92295,62681,27854,1760,37,2556
"2011","Lewisham","E09000023","Total",116091,114856,51879,3771,15328,32780,62925,41459,19692,1774,52,1235
"2011","Newham","E09000025","Total",101519,100934,54281,6871,10771,36639,46579,36813,8189,1577,74,585
"2011","Southwark","E09000028","Total",120422,119206,29633,2590,7777,19266,89430,74797,12899,1734,143,1216
"2011","Tower Hamlets","E09000030","Total",101257,100234,14501,1199,2560,10742,85635,80099,3947,1589,98,1023
"2011","Wandsworth","E09000032","Total",130493,128909,44783,3200,9697,31886,84042,56993,24570,2479,84,1584
"2011","Westminster","E09000033","Total",105772,103715,11296,1229,1992,8075,92384,69192,20131,3061,35,2057
"2011","Barking and Dagenham","E09000002","Total",69681,69498,48714,2788,13634,32292,20761,18263,1661,837,23,183
"2011","Barnet","E09000003","Total",135916,134997,77803,14774,40777,22252,57027,43172,11493,2362,167,919
"2011","Bexley","E09000004","Total",92604,92502,71203,6759,41361,23083,21280,18571,1539,1170,19,102
"2011","Brent","E09000005","Total",110286,108815,52533,7217,26520,18796,56226,35737,18537,1952,56,1471
"2011","Bromley","E09000006","Total",130862,130382,92319,24189,39619,28511,37881,28437,7603,1841,182,480
"2011","Croydon","E09000008","Total",145010,144089,92992,18231,36740,38021,51054,36701,12132,2221,43,921
"2011","Ealing","E09000009","Total",124082,122788,67508,6703,28337,32468,55147,38699,14557,1891,133,1294
"2011","Enfield","E09000010","Total",119916,119395,74270,8357,28392,37521,45063,35918,7483,1662,62,521
"2011","Greenwich","E09000011","Total",101045,100240,54611,4297,18988,31326,45583,37848,6796,939,46,805
"2011","Harrow","E09000015","Total",84268,84092,58892,9992,33188,15712,25187,18807,5074,1306,13,176
"2011","Havering","E09000016","Total",97199,97071,76082,10575,39823,25684,20788,18319,1360,1109,201,128
"2011","Hillingdon","E09000017","Total",100214,100118,73831,14605,36540,22686,26131,22342,2461,1328,156,96
"2011","Hounslow","E09000018","Total",94902,94411,54323,4450,28005,21868,39939,32918,5846,1175,149,491
"2011","Kingston upon Thames","E09000021","Total",63639,63086,39784,8069,20217,11498,23240,17922,4195,1123,62,553
"2011","Merton","E09000024","Total",78757,78463,49259,4536,14485,30238,29176,20762,7272,1142,28,294
"2011","Redbridge","E09000026","Total",99105,98787,67736,6774,26384,34578,30986,23462,6122,1402,65,318
"2011","Richmond upon Thames","E09000027","Total",79835,79401,47879,6669,19527,21683,31335,21921,7623,1791,187,434
"2011","Sutton","E09000029","Total",78174,77884,50838,8379,22178,20281,27029,22961,2934,1134,17,290
"2011","Waltham Forest","E09000031","Total",96861,96233,56948,4513,16420,36015,39244,26263,11303,1678,41,628
"2011","Bracknell Forest","E06000036","Total",45878,45817,36726,12606,9516,14604,8286,7710,350,226,805,61
"2011","Brighton and Hove","E06000043","Total",121540,118874,61658,12519,23805,25334,57183,30103,24896,2184,33,2666
"2011","Isle of Wight","E06000046","Total",61085,60926,48510,21269,17848,9393,12036,7810,3352,874,380,159
"2011","Medway","E06000035","Total",106209,106038,89939,14683,31893,43363,15420,12393,2136,891,679,171
"2011","Milton Keynes","E06000042","Total",98584,98539,83309,28323,28080,26906,15179,13955,850,374,51,45
"2011","Portsmouth","E06000044","Total",85473,84845,55745,3572,13542,38631,28964,21928,5873,1163,136,628
"2011","Reading","E06000038","Total",62869,62452,43149,7758,16221,19170,19169,15477,3127,565,134,417
"2011","Slough","E06000039","Total",50766,50568,33772,5089,14270,14413,16753,14906,1491,356,43,198
"2011","Southampton","E06000045","Total",98254,97477,59430,13016,25547,20867,37987,32126,4866,995,60,777
"2011","West Berkshire","E06000037","Total",62340,62278,53064,21163,20722,11179,8549,7076,1072,401,665,62
"2011","Windsor and Maidenhead","E06000040","Total",58349,58300,44360,18268,15101,10991,13340,10871,1775,694,600,49
"2011","Wokingham","E06000041","Total",60332,60312,53555,27055,17674,8826,6252,5366,612,274,505,20
"2011","Aylesbury Vale","E07000004","Total",69406,69240,61303,22623,22342,16338,7810,6613,827,370,127,166
"2011","Chiltern","E07000005","Total",36946,36918,31579,16240,9215,6124,5096,4161,545,390,243,28
"2011","South Bucks","E07000006","Total",26514,26498,21149,10862,6589,3698,4932,4209,388,335,417,16
"2011","Wycombe","E07000007","Total",67861,67715,54799,21278,22570,10951,12611,10555,1505,551,305,146
"2011","Eastbourne","E07000061","Total",45012,44589,28395,7635,9524,11236,16160,11787,3776,597,34,423
"2011","Hastings","E07000062","Total",41159,40808,25528,7558,8471,9499,15187,8312,6230,645,93,351
"2011","Lewes","E07000063","Total",42181,42122,34388,14966,11325,8097,7501,5730,1269,502,233,59
"2011","Rother","E07000064","Total",40877,40811,31928,17327,9171,5430,8736,5633,2456,647,147,66
"2011","Wealden","E07000065","Total",62676,62631,54986,27984,19042,7960,6949,5248,1109,592,696,45
"2011","Basingstoke and Deane","E07000084","Total",69315,69279,59074,21462,17328,20284,9961,8963,729,269,244,36
"2011","East Hampshire","E07000085","Total",47258,47236,40283,20151,11726,8406,6644,5468,792,384,309,22
"2011","Eastleigh","E07000086","Total",52177,52160,43583,17593,14492,11498,8210,7124,749,337,367,17
"2011","Fareham","E07000087","Total",46579,46569,40698,16968,14950,8780,5715,5068,349,298,156,10
"2011","Gosport","E07000088","Total",35430,35394,27163,4739,9445,12979,8139,7210,531,398,92,36
"2011","Hart","E07000089","Total",35510,35485,31477,15919,9035,6523,3760,3214,276,270,248,25
"2011","Havant","E07000090","Total",51311,51269,41598,14510,14734,12354,9522,8416,596,510,149,42
"2011","New Forest","E07000091","Total",76839,76782,65493,35037,18281,12175,10049,8193,1010,846,1240,57
"2011","Rushmoor","E07000092","Total",36344,36272,27113,6205,11872,9036,8972,7713,917,342,187,72
"2011","Test Valley","E07000093","Total",47626,47603,41524,18413,12327,10784,5713,4839,562,312,366,23
"2011","Winchester","E07000094","Total",46865,46829,38806,17281,11785,9740,7469,5990,1111,368,554,36
"2011","Ashford","E07000105","Total",47787,47731,42111,15898,14652,11561,5186,4315,647,224,434,56
"2011","Canterbury","E07000106","Total",60771,60583,49305,19236,18750,11319,10740,7923,2117,700,538,188
"2011","Dartford","E07000107","Total",40081,40045,31127,5087,12689,13351,8805,7702,902,201,113,36
"2011","Dover","E07000108","Total",48310,48118,39878,10884,14679,14315,7920,5833,1582,505,320,192
"2011","Gravesham","E07000109","Total",40431,40373,32548,6525,13136,12887,7704,6253,1076,375,121,58
"2011","Maidstone","E07000110","Total",63447,63281,52997,16212,21545,15240,9712,8242,1116,354,572,166
"2011","Sevenoaks","E07000111","Total",47020,46993,40278,15627,13605,11046,6182,4900,908,374,533,27
"2011","Folkestone and Hythe","E07000112","Total",47379,47017,35210,12887,11742,10581,11584,7192,3662,730,223,362
"2011","Swale","E07000113","Total",55585,55515,49036,13088,18467,17481,6138,4749,926,463,341,70
"2011","Thanet","E07000114","Total",59513,59237,43662,12121,17695,13846,15241,10200,4219,822,334,276
"2011","Tonbridge and Malling","E07000115","Total",48140,48121,42268,13107,18323,10838,5688,4760,552,376,165,19
"2011","Tunbridge Wells","E07000116","Total",47174,46988,35303,12746,14091,8466,11546,7452,3458,636,139,186
"2011","Cherwell","E07000177","Total",56728,56672,50589,17234,20202,13153,5926,4728,824,374,157,56
"2011","Oxford","E07000178","Total",55375,54851,37546,5044,16749,15753,17153,13776,2808,569,152,524
"2011","South Oxfordshire","E07000179","Total",54104,54088,47532,19420,17766,10346,5696,4536,717,443,860,16
"2011","Vale of White Horse","E07000180","Total",49407,49397,42472,18060,15060,9352,6412,5258,813,341,513,10
"2011","West Oxfordshire","E07000181","Total",43241,43221,38701,14745,14152,9804,4231,3356,518,357,289,20
"2011","Elmbridge","E07000207","Total",52922,52871,40869,17955,13857,9057,11959,10016,1283,660,43,51
"2011","Epsom and Ewell","E07000208","Total",29784,29738,22907,8105,10617,4185,6813,5757,662,394,18,46
"2011","Guildford","E07000209","Total",53973,53875,43610,18399,17682,7529,9856,7585,1842,429,409,98
"2011","Mole Valley","E07000210","Total",35828,35803,28280,13714,10104,4462,6808,5414,991,403,715,25
"2011","Reigate and Banstead","E07000211","Total",55423,55305,41641,15738,16571,9332,13341,11141,1597,603,323,118
"2011","Runnymede","E07000212","Total",32714,32636,24931,8937,10813,5181,6684,5664,666,354,1021,78
"2011","Spelthorne","E07000213","Total",39512,39447,30020,7835,13884,8301,9167,7937,767,463,260,65
"2011","Surrey Heath","E07000214","Total",33546,33523,28155,15357,8382,4416,5167,4335,573,259,201,23
"2011","Tandridge","E07000215","Total",33342,33320,26352,12168,9470,4714,6700,5406,862,432,268,22
"2011","Waverley","E07000216","Total",49280,49227,41135,20455,13517,7163,7908,6128,1305,475,184,53
"2011","Woking","E07000217","Total",39467,39422,29916,12449,9698,7769,9385,8191,821,373,121,45
"2011","Adur","E07000223","Total",26957,26934,20936,4967,10221,5748,5763,4841,598,324,235,23
"2011","Arun","E07000224","Total",66706,66397,51683,22628,15832,13223,13880,10574,2637,669,834,309
"2011","Chichester","E07000225","Total",49848,49778,41680,18353,14016,9311,7759,6357,973,429,339,70
"2011","Crawley","E07000226","Total",42727,42700,32732,5981,8901,17850,9960,9392,361,207,8,27
"2011","Horsham","E07000227","Total",54923,54882,45409,21310,14707,9392,9111,7888,811,412,362,41
"2011","Mid Sussex","E07000228","Total",57409,57350,46554,20041,17226,9287,10538,8396,1512,630,258,59
"2011","Worthing","E07000229","Total",47044,46613,30823,10130,10880,9813,15786,10876,4145,765,4,431
"2011","Bath and North East Somerset","E06000022","Total",73515,73072,57579,16024,20873,20682,15211,9059,5338,814,282,443
"2011","Bournemouth","E06000028","Total",82374,80584,42857,26324,11253,5280,37313,24594,10913,1806,414,1790
"2011","Bristol, City of","E06000023","Total",182747,180983,120840,10915,48762,61163,59991,38200,19077,2714,152,1764
"2011","Cornwall","E06000052","Total",230389,229971,199095,88107,58892,52096,27701,18933,6320,2448,3175,418
"2011","Isles of Scilly","E06000053","Total",989,987,736,319,233,184,251,103,110,38,0,2
"2011","North Somerset","E06000024","Total",88227,87933,70291,29547,26694,14050,16755,10595,5449,711,887,294
"2011","Plymouth","E06000026","Total",109307,108743,81179,11961,32573,36645,27291,18451,8059,781,273,564
"2011","Poole","E06000029","Total",63530,63348,46621,25368,13313,7940,16681,13937,2108,636,46,182
"2011","South Gloucestershire","E06000025","Total",107538,107489,95006,28541,36946,29519,11807,9708,1406,693,676,49
"2011","Swindon","E06000030","Total",88360,88242,73269,18974,26184,28111,14782,12998,1334,450,191,118
"2011","Torbay","E06000027","Total",59010,58605,41924,13432,14448,14044,16490,10049,5474,967,191,405
"2011","Wiltshire","E06000054","Total",194194,194009,171644,68253,60961,42430,20986,16576,3009,1401,1379,185
"2011","East Devon","E07000040","Total",59071,58980,50270,23275,15569,11426,8369,5224,2364,781,341,91
"2011","Exeter","E07000041","Total",49242,48873,35803,6731,12829,16243,12710,9812,2393,505,360,369
"2011","Mid Devon","E07000042","Total",32758,32734,29615,12694,9432,7489,2950,2039,603,308,169,24
"2011","North Devon","E07000043","Total",40001,39879,33682,15570,9013,9099,5854,3585,1621,648,343,122
"2011","South Hams","E07000044","Total",36858,36846,32474,14691,10025,7758,4146,2538,1178,430,226,12
"2011","Teignbridge","E07000045","Total",54003,53896,45489,20100,13193,12196,7356,4468,2283,605,1051,107
"2011","Torridge","E07000046","Total",27986,27950,25042,12083,6179,6780,2789,1758,679,352,119,36
"2011","West Devon","E07000047","Total",22725,22708,20443,9936,5812,4695,2120,1368,487,265,145,17
"2011","Christchurch","E07000048","Total",21475,21470,16818,8907,4167,3744,4545,3727,550,268,107,5
"2011","East Dorset","E07000049","Total",37564,37553,32365,22824,5947,3594,4303,3661,389,253,885,11
"2011","North Dorset","E07000050","Total",28670,28646,25569,11631,8394,5544,2901,2193,428,280,176,24
"2011","Purbeck","E07000051","Total",19583,19573,16348,7723,4966,3659,2891,2047,580,264,334,10
"2011","West Dorset","E07000052","Total",44386,44359,37577,16626,11041,9910,6381,4914,991,476,401,27
"2011","Weymouth and Portland","E07000053","Total",28535,28501,21922,6819,6349,8754,6544,4647,1467,430,35,34
"2011","Cheltenham","E07000078","Total",50929,50591,37091,9239,16741,11111,13198,9211,3490,497,302,338
"2011","Cotswold","E07000079","Total",36236,36212,32130,13385,11301,7444,3751,2752,639,360,331,24
"2011","Forest of Dean","E07000080","Total",34167,34152,31754,15402,11736,4616,2120,1388,451,281,278,15
"2011","Gloucester","E07000081","Total",50363,50163,41842,10590,20139,11113,8120,6656,1172,292,201,200
"2011","Stroud","E07000082","Total",47794,47748,42276,17431,15700,9145,5207,3993,805,409,265,46
"2011","Tewkesbury","E07000083","Total",35126,35116,31096,12273,12275,6548,3406,2921,282,203,614,10
"2011","Mendip","E07000187","Total",46157,46103,40725,14602,14821,11302,5217,3759,1048,410,161,54
"2011","Sedgemoor","E07000188","Total",48801,48751,42688,16230,15377,11081,5718,4302,949,467,345,50
"2011","South Somerset","E07000189","Total",69501,69470,61810,23426,21709,16675,7126,5354,1234,538,534,31
"2011","Taunton Deane","E07000190","Total",46907,46813,39457,13933,13661,11863,6995,5557,1085,353,361,94
"2011","West Somerset","E07000191","Total",15623,15601,13333,5675,4847,2811,2179,1313,601,265,89,22
"2011","Isle of Anglesey","W06000001","Total",30594,30577,28229,14534,6783,6912,2136,1437,413,286,212,17
"2011","Gwynedd","W06000002","Total",52473,52387,47013,17804,12767,16442,5124,3294,1116,714,250,86
"2011","Conwy","W06000003","Total",51177,51100,42048,18466,16291,7291,8890,5696,2493,701,162,77
"2011","Denbighshire","W06000004","Total",40546,40450,35981,17882,12784,5315,4371,3008,878,485,98,96
"2011","Flintshire","W06000005","Total",63781,63734,59268,23978,26399,8891,4181,3276,507,398,285,47
"2011","Wrexham","W06000006","Total",57029,56979,50547,17663,21213,11671,6319,5513,521,285,113,50
"2011","Powys","W06000023","Total",58345,58301,52984,27895,14635,10454,4833,3244,872,717,484,44
"2011","Ceredigion","W06000008","Total",31562,31427,27401,15628,7117,4656,3743,2136,1181,426,283,135
"2011","Pembrokeshire","W06000009","Total",53122,53074,47084,22533,14456,10095,5535,3955,981,599,455,48
"2011","Carmarthenshire","W06000010","Total",78829,78779,72818,30835,26547,15436,5596,3962,1016,618,365,50
"2011","Swansea","W06000011","Total",103497,103205,86712,24198,35096,27418,16260,13298,2262,700,233,292
"2011","Neath Port Talbot","W06000012","Total",60393,60346,54127,12143,26143,15841,6148,5185,619,344,71,47
"2011","Bridgend","W06000013","Total",58515,58460,52279,13873,23005,15401,6076,4929,783,364,105,55
"2011","Vale of Glamorgan","W06000014","Total",53505,53478,45488,14339,16659,14490,7705,5891,1332,482,285,27
"2011","Cardiff","W06000015","Total",142557,141962,105114,19638,41864,43612,36769,28389,7233,1147,79,595
"2011","Rhondda Cynon Taff","W06000016","Total",99663,99614,91547,14963,27262,49322,7932,6512,804,616,135,49
"2011","Merthyr Tydfil","W06000024","Total",24264,24254,22740,3813,6907,12020,1488,1196,152,140,26,10
"2011","Caerphilly","W06000018","Total",74479,74449,68266,12130,29610,26526,6157,5099,528,530,26,30
"2011","Blaenau Gwent","W06000019","Total",30416,30416,27507,3409,8349,15749,2885,2377,221,287,24,0
"2011","Torfaen","W06000020","Total",38524,38520,33915,6962,10594,16359,4548,4076,272,200,57,4
"2011","Monmouthshire","W06000021","Total",38233,38198,34418,16898,11005,6515,3679,2891,472,316,101,35
"2011","Newport","W06000022","Total",61172,60986,50722,11557,18900,20265,10111,8216,1468,427,153,186
