"date","geography","geography code","Rural Urban","Household Type: All categories: Household type; measures: Value","Household Type: One person household; measures: Value","Household Type: Married couple household: With dependent children; measures: Value","Household Type: Married couple household: No dependent children; measures: Value","Household Type: Same-sex civil partnership couple household: With dependent children; measures: Value","Household Type: Same-sex civil partnership couple household: No dependent children; measures: Value","Household Type: Cohabiting couple household: With dependent children; measures: Value","Household Type: Cohabiting couple household: No dependent children; measures: Value","Household Type: Lone parent household: With dependent children; measures: Value","Household Type: Lone parent household: No dependent children; measures: Value","Household Type: Multi-person household: All full-time students; measures: Value","Household Type: Multi-person household: Other; measures: Value"
"2011","Darlington","E06000005","Total",46670,15101,6669,12704,5,43,2227,3026,4312,1672,11,900
"2011","County Durham","E06000047","Total",223803,70007,30770,66662,30,181,10615,13392,18377,8460,1487,3822
"2011","Hartlepool","E06000001","Total",40434,13392,5432,10654,3,31,2229,2362,4170,1574,14,573
"2011","Middlesbrough","E06000002","Total",57203,17708,7892,13785,9,40,2897,3275,6593,2807,654,1543
"2011","Northumberland","E06000057","Total",138534,41406,20525,45724,18,116,6108,8423,9264,5134,19,1797
"2011","Redcar and Cleveland","E06000003","Total",59605,18735,7812,17849,8,39,3147,3370,5517,2359,9,760
"2011","Stockton-on-Tees","E06000004","Total",79159,21986,12859,22515,12,55,4111,5438,7491,3189,202,1301
"2011","Gateshead","E08000037","Total",89154,29313,11654,23680,19,122,4241,6391,7613,3879,81,2161
"2011","Newcastle upon Tyne","E08000021","Total",117153,40337,15499,24188,18,174,4788,7704,9865,4490,4619,5471
"2011","North Tyneside","E08000022","Total",91295,30960,12862,24470,6,106,3880,6127,7747,3420,26,1691
"2011","South Tyneside","E08000023","Total",67167,23459,8373,17478,5,34,2809,3600,6912,3344,85,1068
"2011","Sunderland","E08000024","Total",119758,38096,15914,33821,12,71,6033,6808,10824,5741,650,1788
"2011","Blackburn with Darwen","E06000008","Total",57353,17419,11226,13734,13,43,2848,3116,5535,2277,29,1113
"2011","Blackpool","E06000009","Total",64367,24446,6735,14559,15,184,3365,4240,6366,2800,53,1604
"2011","Cheshire East","E06000049","Total",159441,47328,27310,49733,19,172,6432,10371,10059,5295,169,2553
"2011","Cheshire West and Chester","E06000050","Total",141442,41841,22702,43235,14,135,5898,9150,9797,5215,605,2850
"2011","Halton","E06000006","Total",53312,15833,7508,14522,7,55,2969,3226,5813,2519,8,852
"2011","Warrington","E06000007","Total",85140,24534,15209,24269,12,70,3928,5804,6670,3123,55,1466
"2011","Allerdale","E07000026","Total",42345,13169,6270,13875,2,32,1788,2343,2694,1548,4,620
"2011","Barrow-in-Furness","E07000027","Total",31224,10791,4194,8695,2,18,1540,1806,2534,1152,8,484
"2011","Carlisle","E07000028","Total",48342,16423,6718,13718,4,52,2074,3075,3304,1828,238,908
"2011","Copeland","E07000029","Total",30536,9308,4583,9790,0,31,1379,1793,1975,1181,5,491
"2011","Eden","E07000030","Total",23043,6958,3560,8010,2,29,850,1366,1071,713,37,447
"2011","South Lakeland","E07000031","Total",46552,15091,6543,16150,7,56,1568,2936,2040,1308,18,835
"2011","Bolton","E08000001","Total",116371,37091,19134,29585,14,102,5939,6905,10434,4746,211,2210
"2011","Bury","E08000002","Total",78113,24263,13021,20792,9,78,3800,4883,6564,3219,23,1461
"2011","Manchester","E08000003","Total",204969,72255,25362,27971,34,443,8260,16800,23297,9419,6403,14725
"2011","Oldham","E08000004","Total",89703,26790,15710,22231,4,56,4818,5246,9135,3917,39,1757
"2011","Rochdale","E08000005","Total",87552,28183,14007,20864,8,82,4804,5448,8768,3796,22,1570
"2011","Salford","E08000006","Total",103556,37751,12377,20819,22,173,4915,7900,10861,4361,615,3762
"2011","Stockport","E08000007","Total",121979,38535,20091,33672,19,129,5114,7523,9853,5038,12,1993
"2011","Tameside","E08000008","Total",94953,31037,13210,23790,15,91,5596,6349,9154,4112,10,1589
"2011","Trafford","E08000009","Total",94484,28179,17802,24353,18,126,3860,6178,7574,4004,36,2354
"2011","Wigan","E08000010","Total",136386,40053,20512,38941,17,114,8039,8931,11870,5910,21,1978
"2011","Burnley","E07000117","Total",37550,12506,5283,9595,2,26,1961,2388,3525,1564,8,692
"2011","Chorley","E07000118","Total",44919,12724,7580,13787,3,38,2220,3083,3176,1617,6,685
"2011","Fylde","E07000119","Total",34885,12328,4798,10948,5,43,1006,1868,2215,1139,3,532
"2011","Hyndburn","E07000120","Total",34341,11061,5161,8772,1,19,1874,2167,3328,1325,12,621
"2011","Lancaster","E07000121","Total",57822,18838,7891,16110,14,89,2499,3972,4342,1808,842,1417
"2011","Pendle","E07000122","Total",37348,12088,6006,9947,6,26,1879,2437,3002,1310,3,644
"2011","Preston","E07000123","Total",57567,19835,8960,13024,6,47,2564,3597,4962,2151,846,1575
"2011","Ribble Valley","E07000124","Total",24045,6948,4356,7989,1,23,923,1348,1419,743,3,292
"2011","Rossendale","E07000125","Total",29058,8988,4417,7860,3,39,1703,2121,2418,1057,5,447
"2011","South Ribble","E07000126","Total",46102,12453,7662,14680,8,43,2216,3037,3404,1781,7,811
"2011","West Lancashire","E07000127","Total",45381,12226,7448,14694,5,24,1882,2414,3677,1932,344,735
"2011","Wyre","E07000128","Total",47281,14172,6581,16099,5,76,1940,2842,2960,1768,16,822
"2011","Knowsley","E08000011","Total",61323,19041,7924,14831,3,39,3011,3107,8098,4085,1,1183
"2011","Liverpool","E08000012","Total",206515,80973,21486,37934,32,162,7469,11729,23337,12081,3466,7846
"2011","Sefton","E08000014","Total",117930,37820,16464,33963,14,92,4819,6096,10200,6090,10,2362
"2011","St. Helens","E08000013","Total",75736,22694,10761,22237,8,60,3824,4360,6991,3559,16,1226
"2011","Wirral","E08000015","Total",140583,47329,19210,37141,16,132,5670,7606,13891,6813,20,2755
"2011","East Riding of Yorkshire","E06000011","Total",143032,39276,22644,50426,24,154,6162,9675,8299,4372,34,1966
"2011","Kingston upon Hull, City of","E06000010","Total",112596,39788,12867,24390,13,87,7202,8312,11206,4617,1324,2790
"2011","North East Lincolnshire","E06000012","Total",69707,21793,8868,19381,10,41,4025,4760,6587,2523,30,1689
"2011","North Lincolnshire","E06000013","Total",70684,19420,10708,22321,8,67,4050,5020,5153,2350,4,1583
"2011","York","E06000014","Total",83552,25224,12303,22860,14,142,3263,7006,5376,2652,1792,2920
"2011","Craven","E07000163","Total",24583,7651,3793,8284,3,30,814,1560,1345,758,3,342
"2011","Hambleton","E07000164","Total",38117,10679,6679,13583,5,22,1354,2262,1916,1097,1,519
"2011","Harrogate","E07000165","Total",67169,19340,12310,21025,8,88,2263,4541,4048,2049,7,1490
"2011","Richmondshire","E07000166","Total",20207,5239,3841,7055,4,31,687,1185,1270,592,0,303
"2011","Ryedale","E07000167","Total",22524,6546,3384,8140,2,19,838,1451,1094,667,0,383
"2011","Scarborough","E07000168","Total",49435,16966,5786,15439,5,62,2078,3131,3318,1675,162,813
"2011","Selby","E07000169","Total",34559,8533,6501,11854,4,40,1583,2647,1903,1050,0,444
"2011","Barnsley","E08000016","Total",100734,29734,14195,29445,19,92,5976,7433,8588,3790,26,1436
"2011","Doncaster","E08000017","Total",126487,36104,18297,36942,19,123,7650,8877,10679,4912,24,2860
"2011","Rotherham","E08000018","Total",108293,30902,16824,32982,17,64,6064,7268,8682,4043,9,1438
"2011","Sheffield","E08000019","Total",229928,73315,33449,56165,43,248,10628,16746,18542,7889,5552,7351
"2011","Bradford","E08000032","Total",199296,58934,39862,48343,36,141,9383,11913,17757,7490,599,4838
"2011","Calderdale","E08000033","Total",88621,29023,13725,22894,29,146,4578,6318,7164,2994,28,1722
"2011","Kirklees","E08000034","Total",173525,52553,30473,46516,25,226,8152,11769,13879,6004,688,3240
"2011","Leeds","E08000035","Total",320596,106739,46325,75456,55,366,13442,23905,26869,11229,4836,11374
"2011","Wakefield","E08000036","Total",140414,41640,20603,41319,18,140,7669,10142,11522,5170,11,2180
"2011","Derby","E06000015","Total",102271,31578,16762,25033,10,106,4896,7028,9269,3852,811,2926
"2011","Leicester","E06000016","Total",123125,36951,23089,25823,16,129,4971,7103,12100,5457,2853,4633
"2011","Nottingham","E06000018","Total",126131,45617,14489,21809,21,171,5741,9244,13518,4995,4753,5773
"2011","Rutland","E06000017","Total",15002,4111,2691,5368,0,21,470,969,758,417,1,196
"2011","Amber Valley","E07000032","Total",52596,14658,8303,16660,11,78,2587,4176,3307,1920,0,896
"2011","Bolsover","E07000033","Total",32801,9521,4843,9950,7,37,1888,2440,2361,1218,5,531
"2011","Chesterfield","E07000034","Total",46796,15412,6406,13132,5,48,2342,3387,3507,1690,3,864
"2011","Derbyshire Dales","E07000035","Total",30744,8899,4982,10794,4,51,1110,1960,1459,952,4,529
"2011","Erewash","E07000036","Total",48692,14164,7264,14419,6,34,2584,3843,3690,1889,6,793
"2011","High Peak","E07000037","Total",38946,11362,6210,11598,5,60,2008,2781,2675,1448,72,727
"2011","North East Derbyshire","E07000038","Total",43070,12158,6559,14962,7,56,1994,2752,2463,1558,4,557
"2011","South Derbyshire","E07000039","Total",38992,10059,7252,12220,9,45,2031,3085,2544,1162,9,576
"2011","Blaby","E07000129","Total",38686,10095,7166,12534,5,51,1829,2631,2508,1310,7,550
"2011","Charnwood","E07000130","Total",66516,18658,11394,19866,15,74,2838,4640,4154,2294,1223,1360
"2011","Harborough","E07000131","Total",34898,8995,7155,11690,1,52,1423,2373,1776,983,18,432
"2011","Hinckley and Bosworth","E07000132","Total",45377,12771,7323,14971,3,51,2050,3374,2803,1365,11,655
"2011","Melton","E07000133","Total",21490,5902,3676,7067,1,21,967,1579,1305,668,5,299
"2011","North West Leicestershire","E07000134","Total",39128,10587,6894,12447,11,44,1874,2905,2478,1285,80,523
"2011","Oadby and Wigston","E07000135","Total",21339,5488,4166,7063,1,10,943,1170,1279,902,8,309
"2011","Boston","E07000136","Total",27291,7676,3866,8656,3,27,1498,2083,1976,860,2,644
"2011","East Lindsey","E07000137","Total",60890,18179,7604,22295,5,65,2518,4013,3441,1772,4,994
"2011","Lincoln","E07000138","Total",39825,13696,4687,8955,4,52,2057,3593,3242,1383,685,1471
"2011","North Kesteven","E07000139","Total",45972,12052,8120,16334,3,49,1818,3121,2586,1216,4,669
"2011","South Holland","E07000140","Total",37264,9441,5592,13193,4,36,1848,2999,2172,1159,6,814
"2011","South Kesteven","E07000141","Total",57344,15599,9649,18799,6,38,2559,4119,3907,1665,9,994
"2011","West Lindsey","E07000142","Total",38385,10487,6127,13552,4,37,1643,2556,2347,1124,3,505
"2011","Corby","E07000150","Total",25215,6696,3937,6401,2,20,1598,2064,2611,1195,3,688
"2011","Daventry","E07000151","Total",31647,7953,5997,10558,3,37,1384,2320,1990,977,8,420
"2011","East Northamptonshire","E07000152","Total",35662,9134,6515,11364,8,46,1832,2838,2259,1095,2,569
"2011","Kettering","E07000153","Total",39701,11503,6882,11286,5,43,2000,3011,2923,1258,7,783
"2011","Northampton","E07000154","Total",88731,27048,13849,21252,10,78,4484,6952,8357,3141,547,3013
"2011","South Northamptonshire","E07000155","Total",34717,8264,7436,11989,6,29,1301,2463,1795,968,5,461
"2011","Wellingborough","E07000156","Total",32057,9502,5146,9147,2,32,1560,2129,2799,1111,2,627
"2011","Ashfield","E07000170","Total",50931,14278,7525,15205,7,60,2995,3820,4304,1943,2,792
"2011","Bassetlaw","E07000171","Total",47667,13367,7378,15476,5,53,2449,3209,3313,1668,1,748
"2011","Broxtowe","E07000172","Total",46820,13083,7567,14579,14,62,2045,3518,2842,1587,313,1210
"2011","Gedling","E07000173","Total",49349,14641,7510,14874,7,79,2328,3543,3664,1844,20,839
"2011","Mansfield","E07000174","Total",44928,13098,6473,13246,8,37,2653,3324,3659,1615,1,814
"2011","Newark and Sherwood","E07000175","Total",48773,13842,7790,15732,6,49,2320,3324,3287,1636,44,743
"2011","Rushcliffe","E07000176","Total",45835,12464,9208,14440,8,55,1629,3007,2507,1272,282,963
"2011","Herefordshire, County of","E06000019","Total",78319,22540,12334,25680,8,92,3250,5252,4728,2701,43,1691
"2011","Shropshire","E06000051","Total",129674,37540,20619,42342,17,148,5717,8803,7299,4672,49,2468
"2011","Stoke-on-Trent","E06000021","Total",107575,35357,14692,27152,11,100,6095,6997,9833,4293,790,2255
"2011","Telford and Wrekin","E06000020","Total",66608,16793,11484,18944,17,78,4025,4930,6012,2682,177,1466
"2011","Cannock Chase","E07000192","Total",40664,10940,6784,12224,9,34,2519,3083,2918,1541,0,612
"2011","East Staffordshire","E07000193","Total",47251,13823,8249,13799,8,48,2143,3314,3316,1649,7,895
"2011","Lichfield","E07000194","Total",41224,10024,7340,14712,3,34,1879,2888,2266,1466,2,610
"2011","Newcastle-under-Lyme","E07000195","Total",52574,16236,7747,15918,5,55,2706,3240,3513,1899,429,826
"2011","South Staffordshire","E07000196","Total",44458,11239,7748,16376,0,34,1852,2663,2458,1537,0,551
"2011","Stafford","E07000197","Total",55703,16236,9249,18044,5,54,2278,3636,3288,1746,316,851
"2011","Staffordshire Moorlands","E07000198","Total",41772,11747,6536,14840,4,25,1845,2556,2320,1439,1,459
"2011","Tamworth","E07000199","Total",31617,8246,5300,9395,3,27,1810,2284,2782,1222,2,546
"2011","North Warwickshire","E07000218","Total",25812,6776,4144,8636,1,30,1354,1862,1655,982,1,371
"2011","Nuneaton and Bedworth","E07000219","Total",52711,15090,8523,15826,8,43,2754,3316,4310,1890,6,945
"2011","Rugby","E07000220","Total",41875,11784,7435,12349,6,45,1916,3122,2935,1295,11,977
"2011","Stratford-on-Avon","E07000221","Total",51928,14804,9022,17636,4,52,1692,3411,2715,1633,40,919
"2011","Warwick","E07000222","Total",58679,18600,9770,15748,7,84,1891,4420,3656,1828,966,1709
"2011","Birmingham","E08000025","Total",410736,131200,72593,81155,41,454,15725,22044,47578,20602,4714,14630
"2011","Coventry","E08000026","Total",128592,40148,20091,29510,6,99,5321,7386,13659,5592,2736,4044
"2011","Dudley","E08000027","Total",129867,36652,21659,39764,11,82,6518,8017,9625,5465,16,2058
"2011","Sandwell","E08000028","Total",121498,35935,20939,29869,8,84,6532,6750,12459,6107,88,2727
"2011","Solihull","E08000029","Total",86056,25102,15641,26233,2,55,3190,4408,6632,3417,15,1361
"2011","Walsall","E08000030","Total",107822,30771,18191,30171,11,67,5986,6258,9488,4953,58,1868
"2011","Wolverhampton","E08000031","Total",102177,32876,15490,24838,8,71,4787,5334,10874,5192,260,2447
"2011","Bromsgrove","E07000234","Total",38290,10041,7283,13062,5,33,1435,2430,2192,1303,1,505
"2011","Malvern Hills","E07000235","Total",32212,9555,4878,11266,2,34,1215,1995,1713,1034,2,518
"2011","Redditch","E07000236","Total",34722,9282,5916,10072,1,38,1774,2705,2964,1284,2,684
"2011","Worcester","E07000237","Total",42042,13135,6728,10563,5,35,1924,3477,3210,1450,343,1172
"2011","Wychavon","E07000238","Total",49466,12886,8572,17562,2,53,1902,3411,2631,1673,5,769
"2011","Wyre Forest","E07000239","Total",42985,12890,5973,13742,4,30,2002,2972,3038,1577,4,753
"2011","Bedford","E06000055","Total",63812,18396,11901,17476,10,67,2495,3981,5361,2383,314,1428
"2011","Central Bedfordshire","E06000056","Total",104399,27030,20204,32005,12,110,4899,7534,7345,3520,106,1634
"2011","Luton","E06000032","Total",74293,20319,16019,16757,8,69,2955,4310,7127,3253,783,2693
"2011","Peterborough","E06000031","Total",74023,21252,13106,18457,13,64,3804,5432,6804,2730,46,2315
"2011","Southend-on-Sea","E06000033","Total",74678,24386,11394,18100,8,95,3771,5648,5711,3120,58,2387
"2011","Thurrock","E06000034","Total",62353,16368,11923,16175,2,41,3907,4466,5468,2450,42,1511
"2011","Cambridge","E07000008","Total",46714,15848,7020,9625,10,98,1693,4228,2338,1440,1055,3359
"2011","East Cambridgeshire","E07000009","Total",34614,8893,6945,11007,6,68,1653,2873,1665,929,2,573
"2011","Fenland","E07000010","Total",40620,11576,5850,13088,6,40,2093,3045,2861,1280,1,780
"2011","Huntingdonshire","E07000011","Total",69333,17691,13228,22040,11,74,3253,5416,4097,2140,13,1370
"2011","South Cambridgeshire","E07000012","Total",59960,14772,13174,19320,17,94,2414,4374,2859,1691,33,1212
"2011","Basildon","E07000066","Total",72746,21480,12346,20056,3,43,3573,4605,6140,3055,5,1440
"2011","Braintree","E07000067","Total",61043,16537,11168,18501,14,74,2978,4293,4276,2095,9,1098
"2011","Brentwood","E07000068","Total",30646,8853,5979,9170,2,22,1078,1997,1835,1084,5,621
"2011","Castle Point","E07000069","Total",36440,9524,5830,13076,5,13,1567,2133,2245,1488,4,555
"2011","Chelmsford","E07000070","Total",69667,19138,13102,21199,11,73,2837,5020,4202,2427,110,1548
"2011","Colchester","E07000071","Total",71634,20849,12200,19897,12,80,3110,5188,5252,2437,821,1788
"2011","Epping Forest","E07000072","Total",51991,15285,9347,15145,6,59,2164,3266,3567,2105,94,953
"2011","Harlow","E07000073","Total",34620,10599,5499,8540,7,24,1918,2264,3384,1535,30,820
"2011","Maldon","E07000074","Total",25817,6923,4669,8996,3,26,1078,1706,1245,837,3,331
"2011","Rochford","E07000075","Total",33564,8112,6460,11952,7,31,1415,2150,1717,1246,2,472
"2011","Tendring","E07000076","Total",62105,20545,7453,20557,3,56,2412,3410,4417,2170,4,1078
"2011","Uttlesford","E07000077","Total",31316,7372,6949,10225,6,39,1421,2178,1599,961,4,562
"2011","Broxbourne","E07000095","Total",37658,10070,7015,10679,4,20,1923,2359,3234,1664,8,682
"2011","Dacorum","E07000096","Total",59938,17275,11412,16491,7,56,2659,4286,4303,2189,28,1232
"2011","East Hertfordshire","E07000242","Total",56577,15722,11992,16055,3,65,2394,4218,3180,1641,11,1296
"2011","Hertsmere","E07000098","Total",39778,11148,8427,10761,0,41,1466,2184,2991,1738,124,898
"2011","North Hertfordshire","E07000099","Total",53426,15494,10150,15189,6,63,2313,3936,3437,1798,8,1032
"2011","St Albans","E07000240","Total",56140,14988,13561,15356,10,61,1938,3921,3007,1851,26,1421
"2011","Stevenage","E07000243","Total",34898,10455,6041,8847,1,36,1853,2275,3201,1479,23,687
"2011","Three Rivers","E07000102","Total",35108,9738,7517,10105,3,21,1351,2077,2327,1333,7,629
"2011","Watford","E07000103","Total",36681,11392,7390,7994,1,44,1472,2664,2904,1417,49,1354
"2011","Welwyn Hatfield","E07000241","Total",43613,12533,7980,11290,10,48,1902,2831,3082,1560,1121,1256
"2011","Breckland","E07000143","Total",54519,14150,8564,18772,5,66,2652,4128,3378,1713,3,1088
"2011","Broadland","E07000144","Total",53336,14087,8868,19292,7,73,2162,3704,2754,1572,2,815
"2011","Great Yarmouth","E07000145","Total",42079,12571,5316,12651,7,38,2514,2891,3508,1610,7,966
"2011","King's Lynn and West Norfolk","E07000146","Total",62977,17116,9088,22185,10,64,3078,4634,3467,2010,9,1316
"2011","North Norfolk","E07000147","Total",46046,14320,5336,17036,1,94,1811,3048,2166,1373,0,861
"2011","Norwich","E07000148","Total",60319,23020,6142,11500,13,109,2923,5580,4751,1970,1423,2888
"2011","South Norfolk","E07000149","Total",52809,13870,8889,18614,7,104,2276,3955,2764,1516,6,808
"2011","Babergh","E07000200","Total",37522,10570,6257,12914,5,50,1539,2394,2035,1206,1,551
"2011","Forest Heath","E07000201","Total",25376,7238,4257,7308,1,18,1094,2163,1712,813,12,760
"2011","Ipswich","E07000202","Total",57298,18507,8570,13777,17,63,3203,4636,4723,2101,36,1665
"2011","Mid Suffolk","E07000203","Total",40306,10219,7313,14480,5,58,1725,2722,2106,1143,2,533
"2011","St Edmundsbury","E07000204","Total",45802,12089,7892,14610,3,66,2067,3343,2965,1515,7,1245
"2011","Suffolk Coastal","E07000205","Total",53558,15645,8813,18529,5,66,2006,3390,2830,1484,5,785
"2011","Waveney","E07000206","Total",50883,15745,6573,16535,9,51,2568,3410,3445,1704,6,837
"2011","Camden","E09000007","Total",97534,39531,11646,12384,18,559,2115,9134,7362,3992,2299,8494
"2011","City of London","E09000001","Total",4385,2472,258,667,0,50,64,381,104,76,30,283
"2011","Hackney","E09000012","Total",101690,35635,12586,10109,46,384,3142,9444,12664,5126,651,11903
"2011","Hammersmith and Fulham","E09000013","Total",80590,30148,9862,10435,8,291,1546,7586,6719,3589,1143,9263
"2011","Haringey","E09000014","Total",101955,32524,14980,14742,37,391,3501,8716,12703,5338,533,8490
"2011","Islington","E09000019","Total",93556,36240,8437,10806,29,589,2229,10250,9790,4350,1268,9568
"2011","Kensington and Chelsea","E09000020","Total",78536,36524,9388,11561,12,383,1150,5945,4500,3010,814,5249
"2011","Lambeth","E09000022","Total",130017,44691,13964,14328,26,770,4023,12965,15932,6354,830,16134
"2011","Lewisham","E09000023","Total",116091,39680,15959,16415,38,413,4639,8756,15400,6178,693,7920
"2011","Newham","E09000025","Total",101519,26536,22175,15809,10,188,2963,5085,13198,5573,1705,8277
"2011","Southwark","E09000028","Total",120422,40307,13861,14881,26,719,4585,11644,14670,5937,1688,12104
"2011","Tower Hamlets","E09000030","Total",101257,35047,15765,11716,12,461,1961,9539,8578,3870,1902,12406
"2011","Wandsworth","E09000032","Total",130493,42106,18847,19262,19,589,3018,15166,9190,5045,943,16308
"2011","Westminster","E09000033","Total",105772,47893,11471,14809,7,574,1311,8295,6934,3957,1279,9242
"2011","Barking and Dagenham","E09000002","Total",69681,19215,13443,12552,7,60,3359,3156,11526,3681,221,2461
"2011","Barnet","E09000003","Total",135916,37957,29532,30882,15,210,3378,7616,11763,6521,610,7432
"2011","Bexley","E09000004","Total",92604,25789,17070,25066,9,71,4337,5154,8684,4399,197,1828
"2011","Brent","E09000005","Total",110286,30616,22101,21805,7,166,2650,5949,12034,6627,568,7763
"2011","Bromley","E09000006","Total",130862,40815,23748,34153,17,214,4857,8056,10568,5315,50,3069
"2011","Croydon","E09000008","Total",145010,43043,25337,30559,22,263,5481,8014,19101,7333,304,5553
"2011","Ealing","E09000009","Total",124082,35329,26258,24849,15,306,3223,7682,11519,6402,549,7950
"2011","Enfield","E09000010","Total",119916,33359,23252,26134,13,143,3901,5734,16051,6592,297,4440
"2011","Greenwich","E09000011","Total",101045,32370,16205,18154,16,239,4420,6921,12502,4759,641,4818
"2011","Harrow","E09000015","Total",84268,19008,21742,24155,3,81,1706,3269,6619,4285,232,3168
"2011","Havering","E09000016","Total",97199,28215,16717,28345,9,58,4049,5384,7941,4591,52,1838
"2011","Hillingdon","E09000017","Total",100214,25290,21713,24974,9,124,3630,5567,9773,4847,852,3435
"2011","Hounslow","E09000018","Total",94902,25985,19938,20501,11,226,3004,5921,8982,4839,461,5034
"2011","Kingston upon Thames","E09000021","Total",63639,18198,13364,14757,12,130,2021,4811,4001,2322,1241,2782
"2011","Merton","E09000024","Total",78757,22294,15959,17184,11,202,2420,6284,6024,3467,245,4667
"2011","Redbridge","E09000026","Total",99105,25228,24933,23483,5,168,2624,4432,9710,4439,409,3674
"2011","Richmond upon Thames","E09000027","Total",79835,26008,16545,17406,12,269,2535,6572,4302,2650,275,3261
"2011","Sutton","E09000029","Total",78174,23749,15545,19079,6,86,3245,5031,6150,3284,24,1975
"2011","Waltham Forest","E09000031","Total",96861,28756,18026,17384,20,238,3978,6485,10812,5005,601,5556
"2011","Bracknell Forest","E06000036","Total",45878,12707,9440,12182,9,69,1954,3574,3320,1553,24,1046
"2011","Brighton and Hove","E06000043","Total",121540,44294,14499,20189,88,959,5281,12065,9458,3761,2775,8171
"2011","Isle of Wight","E06000046","Total",61085,19957,7804,18811,7,63,2680,3821,4482,2216,19,1225
"2011","Medway","E06000035","Total",106209,29434,18414,28380,17,113,5974,7238,9233,4381,489,2536
"2011","Milton Keynes","E06000042","Total",98584,25546,19520,24716,16,115,5146,7656,9105,3590,50,3124
"2011","Portsmouth","E06000044","Total",85473,27471,11858,17474,22,152,4032,6826,8107,3084,2803,3644
"2011","Reading","E06000038","Total",62869,19237,10875,13303,7,98,2399,5270,5255,2267,931,3227
"2011","Slough","E06000039","Total",50766,14447,12340,10227,2,33,1847,2689,5213,2261,101,1606
"2011","Southampton","E06000045","Total",98254,33241,13439,20635,14,144,4262,8061,7766,3481,2878,4333
"2011","West Berkshire","E06000037","Total",62340,16123,12822,19470,8,64,2499,4545,3623,1933,15,1238
"2011","Windsor and Maidenhead","E06000040","Total",58349,16554,12166,16701,7,105,2041,3978,3217,2014,16,1550
"2011","Wokingham","E06000041","Total",60332,14084,14790,19488,4,79,2010,3943,2949,1831,26,1128
"2011","Aylesbury Vale","E07000004","Total",69406,17612,14758,20540,10,84,2891,5042,4335,2352,85,1697
"2011","Chiltern","E07000005","Total",36946,9179,8752,12128,6,49,1225,1894,1780,1210,5,718
"2011","South Bucks","E07000006","Total",26514,7136,5734,8491,4,31,896,1437,1322,906,26,531
"2011","Wycombe","E07000007","Total",67861,18138,14375,19695,6,69,2318,4608,4248,2254,336,1814
"2011","Eastbourne","E07000061","Total",45012,16298,5559,11356,12,104,1866,3087,3390,1550,263,1527
"2011","Hastings","E07000062","Total",41159,15781,4849,8950,9,80,2079,3029,3701,1510,56,1115
"2011","Lewes","E07000063","Total",42181,12744,6367,12972,20,156,1849,2768,2721,1557,19,1008
"2011","Rother","E07000064","Total",40877,13889,5077,13738,8,102,1420,2395,2299,1281,1,667
"2011","Wealden","E07000065","Total",62676,17279,10909,21721,9,119,2337,3713,3418,2024,6,1141
"2011","Basingstoke and Deane","E07000084","Total",69315,18298,13714,20420,13,92,3036,5291,4610,2210,17,1614
"2011","East Hampshire","E07000085","Total",47258,12182,9573,15954,5,40,1588,2958,2541,1539,7,871
"2011","Eastleigh","E07000086","Total",52177,13934,9853,15969,7,60,2183,3888,3423,1679,23,1158
"2011","Fareham","E07000087","Total",46579,11814,8609,16301,11,69,1694,3090,2572,1549,20,850
"2011","Gosport","E07000088","Total",35430,10566,5422,9945,6,39,1740,2470,3209,1272,9,752
"2011","Hart","E07000089","Total",35510,7961,8545,11955,4,42,1338,2322,1626,1039,0,678
"2011","Havant","E07000090","Total",51311,14675,7470,16346,10,42,2427,3291,4118,2032,5,895
"2011","New Forest","E07000091","Total",76839,22210,11594,27291,15,91,2591,4663,4378,2459,8,1539
"2011","Rushmoor","E07000092","Total",36344,9291,7951,9419,11,52,1719,2827,2625,1329,20,1100
"2011","Test Valley","E07000093","Total",47626,11855,9239,16167,8,48,1759,3251,2862,1508,4,925
"2011","Winchester","E07000094","Total",46865,12837,9360,14810,7,66,1496,3245,2249,1190,484,1121
"2011","Ashford","E07000105","Total",47787,12242,8898,14441,11,64,2521,3401,3707,1592,7,903
"2011","Canterbury","E07000106","Total",60771,18085,8803,17210,9,107,2418,4044,4249,1954,2120,1772
"2011","Dartford","E07000107","Total",40081,11643,7196,10250,4,46,2123,3013,3403,1548,19,836
"2011","Dover","E07000108","Total",48310,15276,6816,14463,6,85,2355,3139,3311,1828,6,1025
"2011","Gravesham","E07000109","Total",40431,11131,7436,11146,7,32,2064,2575,3392,1683,13,952
"2011","Maidstone","E07000110","Total",63447,16452,11576,19444,5,63,2868,4731,4630,2107,96,1475
"2011","Sevenoaks","E07000111","Total",47020,12697,9485,15005,7,61,1889,2981,2483,1689,6,717
"2011","Folkestone and Hythe","E07000112","Total",47379,15791,6510,13411,5,84,2210,3172,3326,1737,50,1083
"2011","Swale","E07000113","Total",55585,15128,8873,16424,8,61,3309,4010,4843,1978,4,947
"2011","Thanet","E07000114","Total",59513,20646,7321,15677,5,97,2982,3790,5419,2175,83,1318
"2011","Tonbridge and Malling","E07000115","Total",48140,11553,9876,14999,7,56,2399,3261,3306,1645,2,1036
"2011","Tunbridge Wells","E07000116","Total",47174,13687,9343,12812,5,46,1970,3682,2715,1571,18,1325
"2011","Cherwell","E07000177","Total",56728,14307,11308,16863,11,85,2565,4552,3669,1974,41,1353
"2011","Oxford","E07000178","Total",55375,18316,8338,10495,11,130,1844,4228,4381,1908,1825,3899
"2011","South Oxfordshire","E07000179","Total",54104,13734,11278,17470,10,61,1986,3900,2745,1756,13,1151
"2011","Vale of White Horse","E07000180","Total",49407,13065,9935,15992,1,83,1779,3413,2566,1505,26,1042
"2011","West Oxfordshire","E07000181","Total",43241,11412,8398,13946,7,78,1655,3241,2295,1318,14,877
"2011","Elmbridge","E07000207","Total",52922,14568,12924,14423,5,94,1775,3398,2778,1777,26,1154
"2011","Epsom and Ewell","E07000208","Total",29784,7730,6657,8771,4,30,1062,1762,1649,1188,177,754
"2011","Guildford","E07000209","Total",53973,14422,11182,15620,5,58,1706,3993,2540,1717,825,1905
"2011","Mole Valley","E07000210","Total",35828,10477,7150,11401,3,39,1119,2187,1643,1123,6,680
"2011","Reigate and Banstead","E07000211","Total",55423,15163,11558,15832,3,74,2289,4154,3147,1912,14,1277
"2011","Runnymede","E07000212","Total",32714,9836,5997,9030,3,36,1161,2265,1766,1114,657,849
"2011","Spelthorne","E07000213","Total",39512,11262,7303,11328,4,50,1692,2674,2441,1636,19,1103
"2011","Surrey Heath","E07000214","Total",33546,7867,7824,10882,1,35,1200,2250,1622,1185,3,677
"2011","Tandridge","E07000215","Total",33342,8909,6758,10273,3,44,1423,2244,1806,1224,7,651
"2011","Waverley","E07000216","Total",49280,13698,10534,15566,6,62,1519,3027,2189,1562,154,963
"2011","Woking","E07000217","Total",39467,10499,9016,11122,6,54,1330,2889,2062,1290,27,1172
"2011","Adur","E07000223","Total",26957,8553,3827,7916,7,58,1239,1952,1774,1042,6,583
"2011","Arun","E07000224","Total",66706,22020,8875,21436,9,111,2424,4359,3869,2147,74,1382
"2011","Chichester","E07000225","Total",49848,15948,7597,16302,5,61,1538,2945,2475,1579,289,1109
"2011","Crawley","E07000226","Total",42727,12129,8131,10424,7,57,1987,3033,3683,1752,13,1511
"2011","Horsham","E07000227","Total",54923,15476,10774,17888,10,77,1853,3587,2698,1597,6,957
"2011","Mid Sussex","E07000228","Total",57409,15768,11831,17564,10,103,2094,3828,2895,1990,11,1315
"2011","Worthing","E07000229","Total",47044,16890,6962,11980,13,94,1860,3289,3107,1577,48,1224
"2011","Bath and North East Somerset","E06000022","Total",73515,22535,11623,20687,10,113,2659,5011,4553,2260,1782,2282
"2011","Bournemouth","E06000028","Total",82374,30390,10160,18175,15,230,3104,6684,5291,2698,1783,3844
"2011","Bristol, City of","E06000023","Total",182747,61607,23698,36205,40,346,7569,16540,16350,6292,3556,10544
"2011","Cornwall","E06000052","Total",230389,69269,32863,74023,45,296,10350,16089,14279,7993,708,4474
"2011","Isles of Scilly","E06000053","Total",989,336,133,342,0,0,35,77,23,18,0,25
"2011","North Somerset","E06000024","Total",88227,27115,14362,27674,15,101,3435,5667,5745,2597,103,1413
"2011","Plymouth","E06000026","Total",109307,34317,15089,28752,14,128,5282,8248,8496,4047,1733,3201
"2011","Poole","E06000029","Total",63530,19134,9841,19065,7,144,2497,4549,4033,2346,82,1832
"2011","South Gloucestershire","E06000025","Total",107538,28554,20457,33081,13,102,4539,7487,7431,3489,238,2147
"2011","Swindon","E06000030","Total",88360,26143,15834,23226,14,117,4434,6913,6356,2756,38,2529
"2011","Torbay","E06000027","Total",59010,20192,7150,17150,7,120,2379,3867,4590,2173,17,1365
"2011","Wiltshire","E06000054","Total",194194,51845,36321,62407,17,214,7710,12905,12901,5976,35,3863
"2011","East Devon","E07000040","Total",59071,18269,8285,21189,3,86,1944,3465,2889,1855,8,1078
"2011","Exeter","E07000041","Total",49242,16555,6504,11651,6,84,1992,3959,3443,1653,1408,1987
"2011","Mid Devon","E07000042","Total",32758,8995,5534,10960,3,43,1459,2308,1879,982,6,589
"2011","North Devon","E07000043","Total",40001,11846,5971,13175,6,38,1777,2604,2493,1357,4,730
"2011","South Hams","E07000044","Total",36858,11242,5519,12795,5,47,1230,2355,1932,1089,6,638
"2011","Teignbridge","E07000045","Total",54003,16222,7957,18032,7,89,2202,3673,3153,1736,9,923
"2011","Torridge","E07000046","Total",27986,8402,3909,9844,5,40,1150,1782,1555,817,5,477
"2011","West Devon","E07000047","Total",22725,6414,3533,8199,2,29,850,1514,1121,697,1,365
"2011","Christchurch","E07000048","Total",21475,6856,2928,7414,2,31,756,1280,1054,751,3,400
"2011","East Dorset","E07000049","Total",37564,9820,5983,15190,7,44,1117,1982,1677,1200,0,544
"2011","North Dorset","E07000050","Total",28670,8095,4726,10156,1,45,1053,1905,1417,794,3,475
"2011","Purbeck","E07000051","Total",19583,5699,2862,6984,1,21,730,1193,1026,723,0,344
"2011","West Dorset","E07000052","Total",44386,14161,6064,15719,9,61,1605,2577,2127,1273,5,785
"2011","Weymouth and Portland","E07000053","Total",28535,9138,3610,8728,4,19,1361,1889,2091,1002,6,687
"2011","Cheltenham","E07000078","Total",50929,17735,7298,12401,3,72,1941,4314,2894,1540,577,2154
"2011","Cotswold","E07000079","Total",36236,10959,5999,12365,1,65,1233,2298,1542,1003,113,658
"2011","Forest of Dean","E07000080","Total",34167,9226,5551,11945,4,31,1545,2336,1773,1229,17,510
"2011","Gloucester","E07000081","Total",50363,14695,8620,13173,6,65,2651,3956,3960,1738,116,1383
"2011","Stroud","E07000082","Total",47794,13472,8355,15357,5,99,2081,3441,2550,1516,15,903
"2011","Tewkesbury","E07000083","Total",35126,9858,6081,11650,6,49,1489,2510,1782,1139,7,555
"2011","Mendip","E07000187","Total",46157,13809,7340,14342,4,47,2073,3173,2992,1463,7,907
"2011","Sedgemoor","E07000188","Total",48801,13844,7634,15871,13,54,2381,3393,3064,1597,11,939
"2011","South Somerset","E07000189","Total",69501,20491,10789,23416,6,70,2981,4573,3891,1966,7,1311
"2011","Taunton Deane","E07000190","Total",46907,14181,7633,14042,6,28,1945,3263,3065,1506,41,1197
"2011","West Somerset","E07000191","Total",15623,5212,1736,5608,1,21,555,965,701,476,0,348
"2011","Isle of Anglesey","W06000001","Total",30594,9888,4102,9531,6,14,1463,1701,2005,1318,42,524
"2011","Gwynedd","W06000002","Total",52473,18548,6723,14347,0,46,2683,2997,3337,2047,651,1094
"2011","Conwy","W06000003","Total",51177,17297,6468,15628,3,57,2248,3024,3501,1974,3,974
"2011","Denbighshire","W06000004","Total",40546,12714,5681,12176,5,34,2013,2396,3119,1689,14,705
"2011","Flintshire","W06000005","Total",63781,17477,10512,19789,7,51,3098,4004,4907,2699,7,1230
"2011","Wrexham","W06000006","Total",57029,16817,8879,16315,7,44,3150,3568,4621,2324,164,1140
"2011","Powys","W06000023","Total",58345,18359,8273,18767,3,70,2529,3580,3626,2076,4,1058
"2011","Ceredigion","W06000008","Total",31562,10456,4003,9271,7,39,1304,1973,1722,1089,846,852
"2011","Pembrokeshire","W06000009","Total",53122,16392,7467,16798,3,46,2348,2861,4285,1986,8,928
"2011","Carmarthenshire","W06000010","Total",78829,23770,11473,24556,8,54,3415,4357,6472,3280,79,1365
"2011","Swansea","W06000011","Total",103497,34485,14207,27512,13,82,4121,5747,8777,4326,1694,2533
"2011","Neath Port Talbot","W06000012","Total",60393,18259,8601,17936,8,62,2895,3384,5128,3037,6,1077
"2011","Bridgend","W06000013","Total",58515,16472,8995,17855,7,50,2873,3515,4935,2686,10,1117
"2011","Vale of Glamorgan","W06000014","Total",53505,15851,8597,15845,16,63,2527,3029,4397,2162,6,1012
"2011","Cardiff","W06000015","Total",142557,47141,20903,30616,16,210,5498,10654,12234,5477,3219,6589
"2011","Rhondda Cynon Taff","W06000016","Total",99663,29875,14222,28203,7,103,5377,5492,9635,4458,715,1576
"2011","Merthyr Tydfil","W06000024","Total",24264,6559,3338,6992,1,23,1416,1429,2654,1363,3,486
"2011","Caerphilly","W06000018","Total",74479,20196,11418,22168,7,47,4468,4470,7112,3395,8,1190
"2011","Blaenau Gwent","W06000019","Total",30416,9608,3948,8374,1,19,1725,1730,2995,1557,3,456
"2011","Torfaen","W06000020","Total",38524,11163,5771,11335,5,27,2191,2295,3377,1803,0,557
"2011","Monmouthshire","W06000021","Total",38233,10592,6682,12894,3,39,1483,2329,2268,1337,1,605
"2011","Newport","W06000022","Total",61172,18849,9544,15802,8,62,2816,3638,6130,2527,311,1485
